<?xml version="1.0" encoding="utf-8" ?><cmi index="no" item="no"><_children item="yes" LMSMandatory="yes" DataType="characterstring" SCOAccessibility="readonly">version,core,launch_data,suspend_data</_children><_version item="yes" LMSMandatory="yes" DataType="characterstring" SCOAccessibility="readonly">1.0</_version><comments_from_learner index="yes" item="no"><_children item="yes" LMSMandatory="yes" DataType="characterstring" SCOAccessibility="readonly">comment,location,timestamp</_children><index><comment item="yes" LMSMandatory="yes" DataType="localized_string_type" DataSubtype="4000" SCOAccessibility="readwrite" /><location item="yes" LMSMandatory="yes" DataType="characterstring" DataSubtype="250" SCOAccessibility="readwrite" /><timestamp item="yes" LMSMandatory="yes" DataType="time" DataSubtype="second,10,0" SCOAccessibility="readwrite" /></index></comments_from_learner><completion_status item="yes" LMSMandatory="yes" DataType="state" DataSubtype="completion_status" SCOAccessibility="readwrite" /><completion_threshold item="yes" LMSMandatory="yes" DataType="real10_7" DataSubtype="0..1" SCOAccessibility="readonly" /><credit item="yes" LMSMandatory="yes" DataType="state" DataSubtype="credit" SCOAccessibility="readonly" >credit</credit><entry item="yes" LMSMandatory="yes" DataType="state" DataSubtype="entry" SCOAccessibility="readonly" >ab-initio</entry><exit item="yes" LMSMandatory="yes" DataType="state" DataSubtype="exit" SCOAccessibility="writeonly" /><interactions index="yes" item="no"><_children item="yes" LMSMandatory="yes" DataType="characterstring" SCOAccessibility="readonly">id,type,objectives,timestamp,correct_responses,weighting,learner_response,result,latency,description</_children><index><id item="yes" LMSMandatory="yes" DataType="long_identifier_type" SCOAccessibility="readwrite" /><type item="yes" LMSMandatory="yes" DataType="state" DataSubtype="interaction_type" SCOAccessibility="readwrite" /><objectives index="yes" item="no"><_children item="yes" LMSMandatory="yes" DataType="characterstring" SCOAccessibility="readonly">id</_children><index><id item="yes" LMSMandatory="yes" DataType="long_identifier_type" SCOAccessibility="readwrite" /></index></objectives><timestamp item="yes" LMSMandatory="yes" DataType="time" DataSubtype="second,10,0" SCOAccessibility="readwrite" /><correct_responses index="yes" item="no"><_children item="yes" LMSMandatory="yes" DataType="characterstring" SCOAccessibility="readonly">pattern</_children><index><pattern item="yes" LMSMandatory="yes" DataType="long_identifier_type" SCOAccessibility="readwrite" /></index></correct_responses><weighting item="yes" LMSMandatory="yes" DataType="real10_7" SCOAccessibility="readwrite" /><learner_response item="yes" LMSMandatory="yes" DataType="characterstring" SCOAccessibility="readwrite" /><result item="yes" LMSMandatory="yes" DataType="real10_7,state" DataSubtype="interaction_result" SCOAccessibility="readwrite" /><latency item="yes" LMSMandatory="yes" DataType="timeinterval" DataSubtype="second,10,2" SCOAccessibility="readwrite" /><description item="yes" LMSMandatory="yes" DataType="localized_string_type" SCOAccessibility="readwrite" DataSubtype="4000" /></index></interactions><launch_data item="yes" LMSMandatory="yes" DataType="characterstring" SCOAccessibility="readonly" /><learner_id item="yes" LMSMandatory="yes" DataType="long_identifier_type" SCOAccessibility="readonly" /><learner_name item="yes" LMSMandatory="yes" DataType="localized_string_type" SCOAccessibility="readonly" /><learner_preference index="no" item="no"><_children item="yes" LMSMandatory="yes" DataType="characterstring" SCOAccessibility="readonly">audio_level,language,delivery_speed,audio_captioning</_children><audio_level item="yes" LMSMandatory="yes" DataType="real10_7" DataSubtype="0..*" SCOAccessibility="readwrite" >1</audio_level><language item="yes" LMSMandatory="yes" DataType="language_type" SCOAccessibility="readwrite" /><delivery_speed item="yes" LMSMandatory="yes" DataType="real10_7" DataSubtype="0..*" SCOAccessibility="readwrite" >1</delivery_speed><audio_captioning item="yes" LMSMandatory="yes" DataType="state" DataSubtype="audio_captioning" SCOAccessibility="readwrite" /></learner_preference><location item="yes" LMSMandatory="yes" DataType="characterstring" SCOAccessibility="readwrite" /><max_time_allowed item="yes" LMSMandatory="yes" DataType="timeinterval" DataSubtype="second,10,2" SCOAccessibility="readonly" /><mode item="yes" LMSMandatory="no" DataType="state" DataSubtype="mode" SCOAccessibility="readonly" >normal</mode><objectives index="yes" item="no"><_children item="yes" LMSMandatory="yes" DataType="characterstring" SCOAccessibility="readonly">id,score,success_status,completion_status,progress_measure,description</_children><index><id item="yes" LMSMandatory="yes" DataType="long_identifier_type" SCOAccessibility="readwrite" /><score index="no" item="no"><_children item="yes" LMSMandatory="yes" DataType="characterstring" SCOAccessibility="readonly">scaled,raw,min,max</_children><scaled item="yes" LMSMandatory="no" DataType="real10_7" DataSubtype="-1..1" SCOAccessibility="readwrite" /><min item="yes" LMSMandatory="no" DataType="real10_7" SCOAccessibility="readwrite" /><raw item="yes" LMSMandatory="yes" DataType="real10_7" SCOAccessibility="readwrite" /><max item="yes" LMSMandatory="no" DataType="real10_7" SCOAccessibility="readwrite" /></score><success_status item="yes" LMSMandatory="no" DataType="state" DataSubtype="success_status" SCOAccessibility="readwrite">unknown</success_status><completion_status item="yes" LMSMandatory="no" DataType="state" DataSubtype="completion_status" SCOAccessibility="readwrite">unknown</completion_status><progress_measure item="yes" LMSMandatory="no" DataType="real10_7" DataSubtype="(0..1)" SCOAccessibility="readwrite" /><description item="yes" LMSMandatory="yes" DataType="localized_string_type" SCOAccessibility="readwrite" /></index></objectives><progress_measure item="yes" LMSMandatory="no" DataType="real10_7" DataSubtype="(0..1)" SCOAccessibility="readwrite" /><scaled_passing_score item="yes" LMSMandatory="no" DataType="real10_7" DataSubtype="(-1..1)" SCOAccessibility="readonly" /><score index="no" item="no" isset="1"><_children item="yes" LMSMandatory="yes" DataType="characterstring" SCOAccessibility="readonly">scaled,raw,min,max</_children><scaled item="yes" LMSMandatory="no" DataType="real10_7" DataSubtype="(-1..1)" SCOAccessibility="readwrite" /><min item="yes" LMSMandatory="no" DataType="real10_7" SCOAccessibility="readwrite" /><raw item="yes" LMSMandatory="yes" DataType="real10_7" SCOAccessibility="readwrite" /><max item="yes" LMSMandatory="no" DataType="real10_7" SCOAccessibility="readwrite" /></score><session_time item="yes" LMSMandatory="yes" DataType="timeinterval" DataSubtype="second,10,2" SCOAccessibility="writeonly" /><success_status item="yes" LMSMandatory="no" DataType="state" DataSubtype="success_status" SCOAccessibility="readwrite">unknown</success_status><suspend_data item="yes" LMSMandatory="yes" DataType="characterstring" SCOAccessibility="readwrite"></suspend_data><launch_data item="yes" LMSMandatory="yes" DataType="characterstring" SCOAccessibility="readwrite" /><time_limit_action item="yes" LMSMandatory="yes" DataType="state" DataSubtype="time_limit_action" SCOAccessibility="readonly" /><total_time item="yes" LMSMandatory="yes" DataType="timeinterval" DataSubtype="second,10,2" SCOAccessibility="readonly" >PT0H0M0S</total_time></cmi>