<?xml version="1.0" encoding="ISO-8859-1" ?><trackobj index="no" item="no"><cmi index="no" item="no"><version item="yes">3.4</version><core index="no" item="no"><student_id item="yes" LMSMandatory="yes" DataType="CMIIdentifier" SCOAccessibility="readonly"></student_id><student_name item="yes" LMSMandatory="yes" DataType="CMIString255" SCOAccessibility="readonly" dbRef="user_name"></student_name><lesson_location item="yes" LMSMandatory="yes" DataType="CMIString255" SCOAccessibility="readwrite" dbRef="lesson_location"></lesson_location><credit item="yes" LMSMandatory="yes" DataType="CMIVocabulary" DataSubtype="Credit" SCOAccessibility="readonly" dbRef="credit"></credit><lesson_status item="yes" LMSMandatory="yes" DataType="CMIVocabulary" DataSubtype="Status" SCOAccessibility="readwrite" dbRef="lesson_status"></lesson_status><entry item="yes" LMSMandatory="yes" DataType="CMIVocabulary" DataSubtype="Entry" SCOAccessibility="readonly" dbRef="entry"></entry><score index="no" item="no"><raw item="yes" LMSMandatory="yes" DataType="CMIDecimal,CMIBlank" SCOAccessibility="readwrite" dbRef="score_raw"></raw><max item="yes" LMSMandatory="no" DataType="CMIDecimal,CMIBlank" SCOAccessibility="readwrite" dbRef="score_max"></max><min item="yes" LMSMandatory="no" DataType="CMIDecimal,CMIBlank" SCOAccessibility="readwrite" dbRef="score_min"></min></score><total_time item="yes" LMSMandatory="yes" DataType="CMITimespan" SCOAccessibility="readonly" dbRef="total_time"></total_time><lesson_mode item="yes" LMSMandatory="no" DataType="CMIVocabulary" DataSubtype="Mode" SCOAccessibility="readonly" dbRef="lesson_mode"></lesson_mode><exit item="yes" LMSMandatory="yes" DataType="CMIVocabulary" DataSubtype="Exit" SCOAccessibility="writeonly" dbRef="exit"></exit><session_time item="yes" LMSMandatory="yes" DataType="CMITimespan" SCOAccessibility="writeonly" dbRef="session_time"></session_time></core><suspend_data item="yes" LMSMandatory="yes" DataType="CMIString4096" SCOAccessibility="readwrite" dbRef="suspend_data"></suspend_data><launch_data item="yes" LMSMandatory="yes" DataType="CMIString4096" SCOAccessibility="readonly" dbRef="launch_data"></launch_data><comments item="yes" LMSMandatory="no" DataType="CMIString4096" SCOAccessibility="readwrite" dbRef="comments"></comments><comments_from_lms item="yes" LMSMandatory="no" DataType="CMIString4096" SCOAccessibility="readonly" dbRef="comments_from_lms"></comments_from_lms><objectives index="yes" item="no"><id item="yes" LMSMandatory="no" DataType="CMIIdentifier" SCOAccessibility="readwrite"></id><score index="no" item="no"><raw item="yes" LMSMandatory="no" DataType="CMIDecimal,CMIBlank" SCOAccessibility="readwrite"></raw><max item="yes" LMSMandatory="no" DataType="CMIDecimal,CMIBlank" SCOAccessibility="readwrite"></max><min item="yes" LMSMandatory="no" DataType="CMIDecimal,CMIBlank" SCOAccessibility="readwrite"></min></score><status item="yes" LMSMandatory="no" DataType="CMIVocabulary" DataSubtype="Status" SCOAccessibility="readwrite"></status></objectives><student_data index="no" item="no"><mastery_score item="yes" LMSMandatory="no" DataType="CMIDecimal" SCOAccessibility="readonly"></mastery_score><max_time_allowed item="yes" LMSMandatory="no" DataType="CMITimespan" SCOAccessibility="readonly"></max_time_allowed><time_limit_action item="yes" LMSMandatory="no" DataType="CMIVocabulary" DataSubtype="Time Limit Action" SCOAccessibility="readonly"></time_limit_action></student_data><student_preference index="no" item="no"><audio item="yes" LMSMandatory="no" DataType="CMIInteger" SCOAccessibility="readwrite"></audio><language item="yes" LMSMandatory="no" DataType="CMIString255" SCOAccessibility="readwrite"></language><speed item="yes" LMSMandatory="no" DataType="CMIString255" SCOAccessibility="readwrite"></speed><text item="yes" LMSMandatory="no" DataType="CMIString255" SCOAccessibility="readwrite"></text></student_preference><interactions index="yes" item="no"><id item="yes" LMSMandatory="no" DataType="CMIIdentifier" SCOAccessibility="writeonly"></id><objectives index="yes" item="no"><id item="yes" LMSMandatory="no" DataType="CMIIdentifier" SCOAccessibility="writeonly"></id></objectives><time item="yes" LMSMandatory="no" DataType="CMITime" SCOAccessibility="writeonly"></time><type item="yes" LMSMandatory="no" DataType="CMIVocabulary" DataSubtype="Interaction" SCOAccessibility="writeonly"></type><correct_responses index="yes" item="no"><pattern item="yes" LMSMandatory="no" DataType="CMIFeedback" SCOAccessibility="writeonly"></pattern></correct_responses><weighting item="yes" LMSMandatory="no" DataType="CMIDecimal" SCOAccessibility="writeonly"></weighting><student_response item="yes" LMSMandatory="no" DataType="CMIFeedback" SCOAccessibility="writeonly"></student_response><result item="yes" LMSMandatory="no" DataType="CMIVocabulary" DataSubtype="Result" SCOAccessibility="writeonly"></result><latency item="yes" LMSMandatory="no" DataType="CMITimespan" SCOAccessibility="writeonly"></latency></interactions></cmi></trackobj>