<?xml version="1.0" encoding="utf-8" ?><trackobj index="no" item="no"><cmi index="no" item="no"><version item="yes">1.0</version><comments_from_learner index="yes" item="no"><comment item="yes" LMSMandatory="yes" DataType="localized_string_type" DataSubtype="4000" SCOAccessibility="readwrite" dbRef="comments"/><location item="yes" LMSMandatory="yes" DataType="characterstring" DataSubtype="250" SCOAccessibility="readwrite" /><timestamp item="yes" LMSMandatory="yes" DataType="time" DataSubtype="second,10,0" SCOAccessibility="readwrite" /></comments_from_learner><completion_status item="yes" LMSMandatory="yes" DataType="state" DataSubtype="completion_status" SCOAccessibility="readwrite" dbRef="lesson_status"/><completion_threshold item="yes" LMSMandatory="yes" DataType="real10_7" DataSubtype="0..1" SCOAccessibility="readonly" /><credit item="yes" LMSMandatory="yes" DataType="state" DataSubtype="credit" SCOAccessibility="readonly" dbRef="credit" /><entry item="yes" LMSMandatory="yes" DataType="state" DataSubtype="entry" SCOAccessibility="readonly" dbRef="entry"/><exit item="yes" LMSMandatory="yes" DataType="state" DataSubtype="exit" SCOAccessibility="writeonly" dbRef="exit"/><interactions index="yes" item="no"><id item="yes" LMSMandatory="yes" DataType="long_identifier_type" SCOAccessibility="readwrite" /><type item="yes" LMSMandatory="yes" DataType="state" DataSubtype="interaction_type" SCOAccessibility="readwrite" /><objectives index="yes" item="no"><id item="yes" LMSMandatory="yes" DataType="long_identifier_type" SCOAccessibility="readwrite" /></objectives><timestamp item="yes" LMSMandatory="yes" DataType="time" DataSubtype="second,10,0" SCOAccessibility="readwrite" /><correct_responses index="yes" item="no"><pattern item="yes" LMSMandatory="yes" DataType="long_identifier_type" SCOAccessibility="readwrite" /></correct_responses><weighting item="yes" LMSMandatory="yes" DataType="real10_7" SCOAccessibility="readwrite" /><learner_response item="yes" LMSMandatory="yes" DataType="characterstring" SCOAccessibility="readwrite" /><result item="yes" LMSMandatory="yes" DataType="real10_7,state" DataSubtype="interaction_result" SCOAccessibility="readwrite" /><latency item="yes" LMSMandatory="yes" DataType="timeinterval" DataSubtype="second,10,2" SCOAccessibility="readwrite" /><description item="yes" LMSMandatory="yes" DataType="localized_string_type" DataSubtype="4000" SCOAccessibility="readwrite" /></interactions><launch_data item="yes" LMSMandatory="yes" DataType="characterstring" SCOAccessibility="readonly" dbRef="launch_data"/><learner_id item="yes" LMSMandatory="yes" DataType="long_identifier_type" SCOAccessibility="readonly" /><learner_name item="yes" LMSMandatory="yes" DataType="localized_string_type" SCOAccessibility="readonly" dbRef="user_name" /><learner_preference index="no" item="no"><audio_level item="yes" LMSMandatory="yes" DataType="real10_7" DataSubtype="0..*" SCOAccessibility="readwrite" /><language item="yes" LMSMandatory="yes" DataType="language_type" SCOAccessibility="readwrite" /><delivery_speed item="yes" LMSMandatory="yes" DataType="real10_7" DataSubtype="0..*" SCOAccessibility="readwrite" /><audio_captioning item="yes" LMSMandatory="yes" DataType="state" DataSubtype="audio_captioning" SCOAccessibility="readwrite" /></learner_preference><location item="yes" LMSMandatory="yes" DataType="characterstring" SCOAccessibility="readwrite" dbRef="lesson_location"/><max_time_allowed item="yes" LMSMandatory="yes" DataType="timeinterval" DataSubtype="second,10,2" SCOAccessibility="readonly" /><mode item="yes" LMSMandatory="no" DataType="state" DataSubtype="mode" SCOAccessibility="readonly" dbRef="lesson_mode"/><objectives index="yes" item="no"><id item="yes" LMSMandatory="yes" DataType="long_identifier_type" SCOAccessibility="readwrite" /><score index="no" item="no" isset="1"><scaled item="yes" LMSMandatory="no" DataType="real10_7" DataSubtype="-1..1" SCOAccessibility="readwrite" /><min item="yes" LMSMandatory="no" DataType="real10_7" SCOAccessibility="readwrite" /><raw item="yes" LMSMandatory="yes" DataType="real10_7" SCOAccessibility="readwrite" /><max item="yes" LMSMandatory="no" DataType="real10_7" SCOAccessibility="readwrite" /></score><success_status item="yes" LMSMandatory="no" DataType="state" DataSubtype="success_status" SCOAccessibility="readwrite" /><completion_status item="yes" LMSMandatory="no" DataType="state" DataSubtype="completion_status" SCOAccessibility="readonly" /><progress_measure item="yes" LMSMandatory="no" DataType="real10_7" DataSubtype="0..1" SCOAccessibility="readwrite" /><description item="yes" LMSMandatory="yes" DataType="localized_string_type" DataSubtype="250" SCOAccessibility="readwrite" /></objectives><progress_measure item="yes" LMSMandatory="no" DataType="real10_7" DataSubtype="0..1" SCOAccessibility="readwrite" /><scaled_passing_score item="yes" LMSMandatory="no" DataType="real10_7" DataSubtype="-1..1" SCOAccessibility="readonly" /><score index="no" item="no" isset="1"><scaled item="yes" LMSMandatory="no" DataType="real10_7" DataSubtype="-1..1" SCOAccessibility="readwrite" /><min item="yes" LMSMandatory="no" DataType="real10_7" SCOAccessibility="readwrite" dbRef="score_min"/><raw item="yes" LMSMandatory="yes" DataType="real10_7" SCOAccessibility="readwrite" dbRef="score_raw"/><max item="yes" LMSMandatory="no" DataType="real10_7" SCOAccessibility="readwrite" dbRef="score_max"/></score><session_time item="yes" LMSMandatory="yes" DataType="timeinterval" DataSubtype="second,10,2" SCOAccessibility="writeonly" dbRef="session_time"/><success_status item="yes" LMSMandatory="no" DataType="state" DataSubtype="success_status" SCOAccessibility="readonly" /><suspend_data item="yes" LMSMandatory="yes" DataType="characterstring" DataSubtype="64000" SCOAccessibility="readwrite" dbRef="suspend_data"/><time_limit_action item="yes" LMSMandatory="yes" DataType="state" DataSubtype="time_limit_action" SCOAccessibility="readonly" /><total_time item="yes" LMSMandatory="yes" DataType="timeinterval" DataSubtype="second,10,2" SCOAccessibility="readonly" dbRef="total_time"/></cmi></trackobj>